Product Name (Current),Product Name (Corrected),Price (Current),Price (Corrected),Category (Current),Category (Corrected),Image URL (Current),Image URL (Corrected),Status
Instant Carbonara,NISSIN Nupasta Carbonara Flavour Cup Noodle,13.0,27.0,Groceries / Instant Noodles,Groceries / Instant Noodles,,,Needs Fix
Mushroom Carbonara Mac,Mushroom Carbonara Mac Instant Bowl,16.0,15.0,Groceries / Instant Noodles,Groceries / Instant Noodles,https://medias.pns.hk/publishing/PNSHK-147989-front-prodcat.jpg?version=1733431914,https://medias.pns.hk/publishing/PNSHK-147989-front-prodcat.jpg?version=1733431914,Needs Fix
Mac n Cheese,Mac & Cheese Instant Bowl,16.0,15.0,Groceries / Instant Noodles,Groceries / Instant Noodles,,,Needs Fix
Cheese Bokki,Cheese Bokki Bowl,12.0,22.0,Groceries / Instant Noodles,Groceries / Instant Noodles,https://medias.pns.hk/publishing/PNSHK-376569-front-prodcat.jpg?version=1739276682,https://medias.pns.hk/publishing/PNSHK-376569-front-prodcat.jpg?version=1739276682,Needs Fix
Buldak Carbonara Hot Chicken Flavor,Buldak Hot Chicken Sauce,16.0,39.9,Groceries / Instant Noodles,Groceries / Instant Noodles,https://medias.pns.hk/publishing/PNSHK-411056-front-prodcat.jpg?version=1780403583,https://medias.pns.hk/publishing/PNSHK-411056-front-prodcat.jpg?version=1780403583,Needs Fix
Buldak Hot Chicken Flavor,Buldak Hot Chicken Sauce,16.0,39.9,Groceries / Instant Noodles,Groceries / Instant Noodles,https://medias.pns.hk/publishing/PNSHK-411056-front-prodcat.jpg?version=1780403583,https://medias.pns.hk/publishing/PNSHK-411056-front-prodcat.jpg?version=1780403583,Needs Fix
Buldak Hot Chicken Flavor Ramen Cheese,Hot Chicken Cheese Flv Ramen Multi (random Picking),16.0,40.0,Groceries / Instant Noodles,Groceries / Instant Noodles,https://medias.pns.hk/publishing/PNSHK-103906-front-prodcat.jpg?version=1752841624,https://medias.pns.hk/publishing/PNSHK-103906-front-prodcat.jpg?version=1752841624,Needs Fix
Shin Ramyun Rose,NONG SHIM Shin Ramen Rose Bowl,14.0,24.0,Groceries / Instant Noodles,Groceries / Instant Noodles,https://medias.pns.hk/publishing/PNSHK-162584-front-prodcat.jpg?version=1781180567,https://medias.pns.hk/publishing/PNSHK-162584-front-prodcat.jpg?version=1781180567,Needs Fix
Korean Clay Pot Ramyun Bowl,NONG SHIM Korean Clay Pot Ramyun,12.5,39.0,Groceries / Instant Noodles,Groceries / Instant Noodles,https://medias.pns.hk/publishing/PNSHK-105967-front-prodcat.jpg?version=1732703437,https://medias.pns.hk/publishing/PNSHK-105967-front-prodcat.jpg?version=1732703437,Needs Fix
Shin Ramyun,NONG SHIM Nong Shim Shin Ramyun 5p,12.5,39.0,Groceries / Instant Noodles,Groceries / Instant Noodles,https://medias.pns.hk/publishing/PNSHK-158369-front-prodcat.jpg?version=1732748883,https://medias.pns.hk/publishing/PNSHK-158369-front-prodcat.jpg?version=1732748883,Needs Fix
Omori Kimchi Stew Cup Ramen,Omori Kimchi Stew Cup Ramen,16.0,16.0,Groceries / Instant Noodles,Groceries / Instant Noodles,,,Needs Fix
Saeng Saeng Bowl Udon,NONG SHIM Seang Seang Bowl Udon,19.0,19.0,Groceries / Instant Noodles,Groceries / Instant Noodles,https://medias.pns.hk/publishing/PNSHK-106926-front-prodcat.jpg?version=1732705638,https://medias.pns.hk/publishing/PNSHK-106926-front-prodcat.jpg?version=1732705638,Needs Fix
Q/S Macaroni Chicken Broth,Q/s Macaroni Chicken Broth,27.9,13.0,Groceries / Instant Noodles,Groceries / Instant Noodles,https://medias.pns.hk/publishing/PNSHK-109026-front-prodcat.jpg,https://medias.pns.hk/publishing/PNSHK-109026-front-prodcat.jpg,Needs Fix
Q/S Macaroni Abalone & Chix,Q/s Macaroni Abalone & Chix,27.9,399.0,Groceries / Instant Noodles,Groceries / Instant Noodles,https://medias.pns.hk/publishing/PNSHK-383614-front-prodcat.jpg?version=1732862597,https://medias.pns.hk/publishing/PNSHK-383614-front-prodcat.jpg?version=1732862597,Needs Fix
Q/S Macaroni Chicken Broth,Q/s Macaroni Chicken Broth,9.5,13.0,Groceries / Instant Noodles,Groceries / Instant Noodles,https://medias.pns.hk/publishing/PNSHK-109026-front-prodcat.jpg,https://medias.pns.hk/publishing/PNSHK-109026-front-prodcat.jpg,Needs Fix
Q/S Macaroni Abalone & Chix,Q/s Macaroni Abalone & Chix,9.5,399.0,Groceries / Instant Noodles,Groceries / Instant Noodles,https://medias.pns.hk/publishing/PNSHK-383614-front-prodcat.jpg?version=1732862597,https://medias.pns.hk/publishing/PNSHK-383614-front-prodcat.jpg?version=1732862597,Needs Fix
Q/S Macaroni Pork Bone Broth,Q/s Macaroni Pork Bone Broth,9.5,13.0,Groceries / Instant Noodles,Groceries / Instant Noodles,https://medias.pns.hk/publishing/PNSHK-458544-front-prodcat.jpg?version=1732950984,https://medias.pns.hk/publishing/PNSHK-458544-front-prodcat.jpg?version=1732950984,Needs Fix
Shin Ramyun,Nong Shim Shin Ramyun 5p,20.0,39.0,Groceries / Instant Noodles,Groceries / Instant Noodles,https://medias.pns.hk/publishing/PNSHK-158369-front-prodcat.jpg?version=1732748883,https://medias.pns.hk/publishing/PNSHK-158369-front-prodcat.jpg?version=1732748883,Needs Fix
Laksa LaMian,Laksa La Mian,30.0,35.0,Groceries / Instant Noodles,Groceries / Instant Noodles,/images/catalog/img-7053.jpg,/images/catalog/img-7053.jpg,Needs Fix
Demae Iccho 5-Pack Sesame Oil Flavour,Demae Iccho 5-Pack Sesame Oil Flavour,28.5,28.5,Groceries / Instant Noodles,Groceries / Instant Noodles,https://images.openfoodfacts.org/images/products/000/002/084/2499/front_en.148.400.jpg,https://images.openfoodfacts.org/images/products/000/002/084/2499/front_en.148.400.jpg,Needs Fix
Thai Style Tom Yum Goong Flavour Instant Rice Vermicelli,Thai Style Tom Yum Goong Flavour Instant Rice Vermicelli,18.0,18.0,Groceries / Instant Noodles,Groceries / Instant Noodles,https://images.openfoodfacts.org/images/products/611/124/534/3006/front_ar.14.400.jpg,https://images.openfoodfacts.org/images/products/611/124/534/3006/front_ar.14.400.jpg,Needs Fix
Superior Soup Instant Noodle,Superior Soup Instant Noodle,18.0,9.0,Groceries / Instant Noodles,Groceries / Instant Noodles,https://medias.pns.hk/publishing/PNSHK-116117-front-prodcat.jpg,https://medias.pns.hk/publishing/PNSHK-116117-front-prodcat.jpg,Needs Fix
Superior Soup Instant Rice Noodle,Superior Soup Instant Rice Noodle,18.0,30.0,Groceries / Instant Noodles,Groceries / Instant Noodles,https://medias.pns.hk/publishing/PNSHK-181937-front-prodcat.jpg?version=1732752693,https://medias.pns.hk/publishing/PNSHK-181937-front-prodcat.jpg?version=1732752693,Needs Fix
Instant Rice Vermicelli Gold Medal Original,Instant Rice Vermicelli Gold Medal Original,23.0,23.0,Groceries / Instant Noodles,Groceries / Instant Noodles,https://images.openfoodfacts.org/images/products/611/124/534/3006/front_ar.14.400.jpg,https://images.openfoodfacts.org/images/products/611/124/534/3006/front_ar.14.400.jpg,Needs Fix
Shin Ramyun 5-Pack,Shin Kimchi Noodle (5 Packs),26.6,42.9,Groceries / Instant Noodles,Groceries / Instant Noodles,/images/catalog/img-7054.jpg,/images/catalog/img-7054.jpg,Needs Fix
Korean Clay Pot Ramyun,Korean Clay Pot Ramyun,26.6,39.0,Groceries / Instant Noodles,Groceries / Instant Noodles,https://medias.pns.hk/publishing/PNSHK-105967-front-prodcat.jpg?version=1732703437,https://medias.pns.hk/publishing/PNSHK-105967-front-prodcat.jpg?version=1732703437,Needs Fix
Potato Noodle,Potato Pork Noodle,27.9,39.0,Groceries / Instant Noodles,Groceries / Instant Noodles,/images/catalog/img-7054.jpg,/images/catalog/img-7054.jpg,Needs Fix
Buldak Hot Chicken Flavor Ramen Multi,Hot Chicken Flavor Ramen Multi (8pcs),44.0,255.0,Groceries / Instant Noodles,Groceries / Instant Noodles,https://medias.pns.hk/publishing/PNSHK-103906-front-prodcat.jpg?version=1752841624,https://medias.pns.hk/publishing/PNSHK-103906-front-prodcat.jpg?version=1752841624,Needs Fix
Hotchicken Carbonara Flavor Ramen Multi,Hotchicken Carbonara Flv Ramen Multi (8pcs),44.0,300.0,Groceries / Instant Noodles,Groceries / Instant Noodles,https://medias.pns.hk/publishing/PNSHK-103932-front-prodcat.jpg?version=1752841356,https://medias.pns.hk/publishing/PNSHK-103932-front-prodcat.jpg?version=1752841356,Needs Fix
Tangle Creamy Mushroom Instant Pasta,Tangle Creamy Mushroom Instant Pasta,41.9,30.0,Groceries / Instant Noodles,Groceries / Instant Noodles,https://medias.pns.hk/publishing/PNSHK-123814-front-prodcat.jpg?version=1751286260,https://medias.pns.hk/publishing/PNSHK-123814-front-prodcat.jpg?version=1751286260,Needs Fix
Tangle Garlic Oil Instant Pasta,Tangle Garlic Oil Instant Pasta (random Picking),41.9,30.0,Groceries / Instant Noodles,Groceries / Instant Noodles,https://medias.pns.hk/publishing/PNSHK-162582-front-prodcat.jpg?version=1781180487,https://medias.pns.hk/publishing/PNSHK-162582-front-prodcat.jpg?version=1781180487,Needs Fix
Omori Kimchi Jjigae Ramen,Omori Kimchi Jjigae Ramen,58.0,58.0,Groceries / Instant Noodles,Groceries / Instant Noodles,https://medias.pns.hk/publishing/PNSHK-398504-front-prodcat.jpg,https://medias.pns.hk/publishing/PNSHK-398504-front-prodcat.jpg,Verified
Ansungtangmyun,Ansungtangmyun,58.0,32.0,Groceries / Instant Noodles,Groceries / Instant Noodles,/images/catalog/img-7054.jpg,/images/catalog/img-7054.jpg,Needs Fix
Gonghwachun Zajang Noodle Multi Pack,Gonghwachun Zajang Noodle Multi Pack,58.0,58.0,Groceries / Instant Noodles,Groceries / Instant Noodles,https://medias.pns.hk/publishing/PNSHK-398520-front-prodcat.jpg,https://medias.pns.hk/publishing/PNSHK-398520-front-prodcat.jpg,Verified
Stir-Fry Noodle King Special Spicy Sauce,Stir-Fry Noodle King Special Spicy Sauce,18.0,18.0,Groceries / Instant Noodles,Groceries / Instant Noodles,/images/catalog/img-7055.jpg,/images/catalog/img-7055.jpg,Needs Fix
Dry-Stirred Noodles with Scallion Oil,Dry-Stirred Noodles with Scallion Oil,52.0,52.0,Groceries / Instant Noodles,Groceries / Instant Noodles,https://medias.pns.hk/publishing/PNSHK-496948-front-prodcat.jpg,https://medias.pns.hk/publishing/PNSHK-496948-front-prodcat.jpg,Verified
Dry-Stirred Noodles with Sichuan Spices,Dry-Stirred Noodles with Sichuan Spices,52.0,52.0,Groceries / Instant Noodles,Groceries / Instant Noodles,https://medias.pns.hk/publishing/PNSHK-496947-front-prodcat.jpg,https://medias.pns.hk/publishing/PNSHK-496947-front-prodcat.jpg,Verified
Cheese Ramen,Real Cheese Ramen,26.6,60.0,Groceries / Instant Noodles,Groceries / Instant Noodles,/images/catalog/img-7055.jpg,/images/catalog/img-7055.jpg,Needs Fix
Real Cheese Ramen,Real Cheese Ramen,33.0,60.0,Groceries / Instant Noodles,Groceries / Instant Noodles,/images/catalog/img-7055.jpg,/images/catalog/img-7055.jpg,Needs Fix
Cheddar Cheese Stir-Fry Cheesy Ramen,Cheddar Cheese Stir-Fry Cheesy Ramen,33.0,33.0,Groceries / Instant Noodles,Groceries / Instant Noodles,https://medias.pns.hk/publishing/PNSHK-139055-front-prodcat.jpg?version=1754536841,https://medias.pns.hk/publishing/PNSHK-139055-front-prodcat.jpg?version=1754536841,Verified
Spicy Cheese Ramen Noodle,Spicy Cheese Ramen Noodle,33.0,30.0,Groceries / Instant Noodles,Groceries / Instant Noodles,/images/catalog/img-7055.jpg,/images/catalog/img-7055.jpg,Needs Fix
Demae Iccho Japan Local Ramen Series Kyushu Tonkotsu Flavour,Demae Iccho Japan Local Ramen Series Kyushu Tonkotsu Flavour,4.9,4.9,Groceries / Instant Noodles,Groceries / Instant Noodles,/images/catalog/img-7055.jpg,/images/catalog/img-7055.jpg,Needs Fix
Demae Iccho Japan Local Ramen Series Hokkaido Miso Tonkotsu Flavour,Demae Iccho Japan Local Ramen Series Hokkaido Miso Tonkotsu Flavour,4.9,4.9,Groceries / Instant Noodles,Groceries / Instant Noodles,/images/catalog/img-7055.jpg,/images/catalog/img-7055.jpg,Needs Fix
Demae Iccho Japan Local Ramen Series Tokyo Shoyu Tonkotsu Flavour,Demae Iccho Japan Local Ramen Series Tokyo Shoyu Tonkotsu Flavour,4.9,4.9,Groceries / Instant Noodles,Groceries / Instant Noodles,/images/catalog/img-7055.jpg,/images/catalog/img-7055.jpg,Needs Fix
Superior Soup Instant Noodle,Superior Soup Instant Noodle,14.0,9.0,Groceries / Instant Noodles,Groceries / Instant Noodles,https://medias.pns.hk/publishing/PNSHK-116117-front-prodcat.jpg,https://medias.pns.hk/publishing/PNSHK-116117-front-prodcat.jpg,Needs Fix
® House Blend By Nespresso (10 Caps),Starbucks® House Blend By Nespresso (10 Caps),56.0,168.0,Groceries / Hot Drinks,Groceries / Hot Drinks,/images/catalog/img-7063.jpg,/images/catalog/img-7063.jpg,Needs Fix
® Caffè Verona™ By Nespresso (10 Caps),Starbucks® Caffè Verona™ By Nespresso (10 Caps),56.0,168.0,Groceries / Hot Drinks,Groceries / Hot Drinks,/images/catalog/img-7063.jpg,/images/catalog/img-7063.jpg,Needs Fix
® Italian Style Roast By Nespresso (10 Caps),Starbucks® Italian Style Roast By Nespresso (10 Caps),56.0,168.0,Groceries / Hot Drinks,Groceries / Hot Drinks,https://medias.pns.hk/publishing/PNSHK-139716-front-prodcat.jpg,https://medias.pns.hk/publishing/PNSHK-139716-front-prodcat.jpg,Needs Fix
® Espresso Roast By Nespresso (10 Caps),Starbucks® Espresso Roast By Nespresso (10 Caps),56.0,168.0,Groceries / Hot Drinks,Groceries / Hot Drinks,/images/catalog/img-7063.jpg,/images/catalog/img-7063.jpg,Needs Fix
® Single Origin Colombia By Nespresso (10 Caps),Starbucks® Single Origin Colombia By Nespresso (10 Caps),56.0,168.0,Groceries / Hot Drinks,Groceries / Hot Drinks,https://medias.pns.hk/publishing/PNSHK-104028-front-prodcat.jpg?version=1750249469,https://medias.pns.hk/publishing/PNSHK-104028-front-prodcat.jpg?version=1750249469,Needs Fix
Cappuccino Premium Mixes,Cappuccino Premium Mixes,29.9,22.9,Groceries / Hot Drinks,Groceries / Hot Drinks,/images/catalog/img-7063.jpg,/images/catalog/img-7063.jpg,Needs Fix
Caramel Latte Premium Mixes,Caramel Latte Premium Mixes,29.9,22.9,Groceries / Hot Drinks,Groceries / Hot Drinks,/images/catalog/img-7063.jpg,/images/catalog/img-7063.jpg,Needs Fix
Drip On Variety Pack,Drip On Variety Pack,50.0,50.0,Groceries / Hot Drinks,Groceries / Hot Drinks,/images/catalog/img-7063.jpg,/images/catalog/img-7063.jpg,Verified
Drip On Special Blend,Drip On Special Blend,36.0,36.0,Groceries / Hot Drinks,Groceries / Hot Drinks,/images/catalog/img-7063.jpg,/images/catalog/img-7063.jpg,Verified
Shokunin Drip Mild Blend (coffee),Shokunin Drip Mild Blend (coffee),35.0,35.0,Groceries / Hot Drinks,Groceries / Hot Drinks,https://medias.pns.hk/publishing/PNSHK-114788-front-prodcat.jpg?version=1788351912,https://medias.pns.hk/publishing/PNSHK-114788-front-prodcat.jpg?version=1788351912,Verified
Coffee Mix 3 In 1,Coffee Mix 3 In 1,38.0,50.0,Groceries / Hot Drinks,Groceries / Hot Drinks,/images/catalog/img-7063.jpg,/images/catalog/img-7063.jpg,Needs Fix
Coffee Espresso [France],Coffee Espresso [ France],69.9,118.0,Groceries / Hot Drinks,Groceries / Hot Drinks,/images/catalog/img-7063.jpg,/images/catalog/img-7063.jpg,Needs Fix
3+1 Rich Coffee,3+1 Rich Coffee,50.0,50.0,Groceries / Hot Drinks,Groceries / Hot Drinks,/images/catalog/img-7063.jpg,/images/catalog/img-7063.jpg,Verified
Coffee Mix Lite,Coffee Mix Lite,50.0,50.0,Groceries / Hot Drinks,Groceries / Hot Drinks,/images/catalog/img-7063.jpg,/images/catalog/img-7063.jpg,Verified
NESCAFÉ 1+2 Rich Instant Coffee Mix,1+2 Rich Instant Coffee Mix,44.0,42.9,Groceries / Hot Drinks,Groceries / Hot Drinks,https://medias.pns.hk/publishing/PNSHK-447349-front-prodcat.jpg?version=1750336017,https://medias.pns.hk/publishing/PNSHK-447349-front-prodcat.jpg?version=1750336017,Needs Fix
NESCAFÉ 1+2 Smooth Milky Mix,NESCAFÉ 1+2 Smooth Milky Mix,50.0,50.0,Groceries / Hot Drinks,Groceries / Hot Drinks,https://medias.pns.hk/publishing/PNSHK-433668-front-prodcat.jpg?version=1750335637,https://medias.pns.hk/publishing/PNSHK-433668-front-prodcat.jpg?version=1750335637,Verified
1+2 Coffee,1+2 Coffee,50.0,50.0,Groceries / Hot Drinks,Groceries / Hot Drinks,/images/catalog/img-7064.jpg,/images/catalog/img-7064.jpg,Verified
Nescafe 1+2 Original Stick 15gx42,Korean Cafe Collection Cafe Latte,44.0,23.0,Groceries / Hot Drinks,Groceries / Hot Drinks,/images/catalog/img-7064.jpg,/images/catalog/img-7064.jpg,Needs Fix
1+2 Rich Instant Coffee Mix,1+2 Rich Instant Coffee Mix,44.0,42.9,Groceries / Hot Drinks,Groceries / Hot Drinks,https://medias.pns.hk/publishing/PNSHK-447349-front-prodcat.jpg?version=1750336017,https://medias.pns.hk/publishing/PNSHK-447349-front-prodcat.jpg?version=1750336017,Needs Fix
Prm White Coffee Original 17+3,Prm White Coffee Original 17+3,56.5,77.0,Groceries / Hot Drinks,Groceries / Hot Drinks,https://medias.pns.hk/publishing/PNSHK-454099-front-prodcat.jpg?version=1757507540,https://medias.pns.hk/publishing/PNSHK-454099-front-prodcat.jpg?version=1757507540,Needs Fix
Prm White Coffee Unswt,Prm White Coffee Unswt,56.5,77.0,Groceries / Hot Drinks,Groceries / Hot Drinks,/images/catalog/img-7064.jpg,/images/catalog/img-7064.jpg,Needs Fix
Cafe Viet,Cafe Viet,42.0,55.0,Groceries / Hot Drinks,Groceries / Hot Drinks,/images/catalog/img-7064.jpg,/images/catalog/img-7064.jpg,Needs Fix
3 In 1 Hazelnut White Coffee,3 In 1 Hazelnut White Coffee,33.0,39.9,Groceries / Hot Drinks,Groceries / Hot Drinks,/images/catalog/img-7064.jpg,/images/catalog/img-7064.jpg,Needs Fix
3 In 1 Classic White Coffee,3 In 1 Classic White Coffee,33.0,39.9,Groceries / Hot Drinks,Groceries / Hot Drinks,/images/catalog/img-7064.jpg,/images/catalog/img-7064.jpg,Needs Fix
3 In 1 Classic White Coffee,3 In 1 Classic White Coffee,39.9,39.9,Groceries / Hot Drinks,Groceries / Hot Drinks,/images/catalog/img-7064.jpg,/images/catalog/img-7064.jpg,Verified
Oatmilk Barista Blend,Oatmilk Barista Blend,25.0,18.0,Groceries / Drinks,Groceries / Drinks,/images/catalog/img-7060.jpg,/images/catalog/img-7060.jpg,Needs Fix
The Original Oatmilk,The Original Oatmilk,35.0,20.0,Groceries / Drinks,Groceries / Drinks,/images/catalog/img-7060.jpg,/images/catalog/img-7060.jpg,Needs Fix
Chocolate Deluxe Oatmilk,Chocolate Deluxe Oatmilk,25.0,20.0,Groceries / Drinks,Groceries / Drinks,/images/catalog/img-7060.jpg,/images/catalog/img-7060.jpg,Needs Fix
The Original Oatmilk,The Original Oatmilk,35.0,20.0,Groceries / Drinks,Groceries / Drinks,/images/catalog/img-7060.jpg,/images/catalog/img-7060.jpg,Needs Fix
Zero Sugar Oatmilk,Zero Sugar Oatmilk,35.0,28.0,Groceries / Drinks,Groceries / Drinks,/images/catalog/img-7060.jpg,/images/catalog/img-7060.jpg,Needs Fix
Chocolate Deluxe Oatmilk,Chocolate Deluxe Oatmilk,35.0,20.0,Groceries / Drinks,Groceries / Drinks,/images/catalog/img-7060.jpg,/images/catalog/img-7060.jpg,Needs Fix
Almond Milk Original,Almond Milk Original,42.0,42.9,Groceries / Drinks,Groceries / Drinks,/images/catalog/img-7060.jpg,/images/catalog/img-7060.jpg,Needs Fix
Almond Milk Unsweetened,Almond Milk Unsweetened,42.0,42.9,Groceries / Drinks,Groceries / Drinks,/images/catalog/img-7060.jpg,/images/catalog/img-7060.jpg,Needs Fix
Barista Oat Drink,Barista Oat Drink,25.0,25.0,Groceries / Drinks,Groceries / Drinks,/images/catalog/img-7060.jpg,/images/catalog/img-7060.jpg,Verified
Deluxe High-calcium Oat Drink,Deluxe High-calcium Oat Drink,25.0,28.0,Groceries / Drinks,Groceries / Drinks,https://medias.pns.hk/publishing/PNSHK-125261-front-prodcat.jpg?version=1749126124,https://medias.pns.hk/publishing/PNSHK-125261-front-prodcat.jpg?version=1749126124,Needs Fix
Oat Drink Enriched,Oatly Oat Drink Enriched,25.0,28.0,Groceries / Drinks,Groceries / Drinks,/images/catalog/img-7060.jpg,/images/catalog/img-7060.jpg,Needs Fix
Australia Soy Milk Original,CALCI PLUS Hi-cal High Protein Soya Milk,21.0,52.0,Groceries / Drinks,Groceries / Drinks,/images/catalog/img-7060.jpg,/images/catalog/img-7060.jpg,Needs Fix
Almond Breeze Unsweetened (original),Almond Breeze Unsweetened (original),30.9,56.0,Groceries / Drinks,Groceries / Drinks,/images/catalog/img-7060.jpg,/images/catalog/img-7060.jpg,Needs Fix
Almond Breeze (original),Almond Breeze (original),30.9,56.0,Groceries / Drinks,Groceries / Drinks,/images/catalog/img-7060.jpg,/images/catalog/img-7060.jpg,Needs Fix
Chocolate Milk Beverage,Chocolate Milk Beverage,42.0,170.0,Groceries / Drinks,Groceries / Drinks,https://medias.pns.hk/publishing/PNSHK-159169-front-prodcat.jpg?version=1765801817,https://medias.pns.hk/publishing/PNSHK-159169-front-prodcat.jpg?version=1765801817,Needs Fix
Grass Jelly,Grass Jelly,12.5,12.0,Groceries / Confectionary,Groceries / Confectionary,/images/catalog/img-7057.jpg,/images/catalog/img-7057.jpg,Needs Fix
Jelly Powder Pineapple Flavour,Jelly Powder Mango Flavour,10.0,16.0,Groceries / Confectionary,Groceries / Confectionary,/images/catalog/img-7057.jpg,/images/catalog/img-7057.jpg,Needs Fix
Jelly Powder Mango Flavour,Jelly Powder Mango Flavour,10.0,16.0,Groceries / Confectionary,Groceries / Confectionary,/images/catalog/img-7057.jpg,/images/catalog/img-7057.jpg,Needs Fix
Jelly Powder Strawberry Flavour,Jelly Powder Mango Flavour,10.0,16.0,Groceries / Confectionary,Groceries / Confectionary,/images/catalog/img-7057.jpg,/images/catalog/img-7057.jpg,Needs Fix
Retort Pouch Red Bean W Lotus Seeds Dessert,RETORT POUCH Red Bean W Lotus Seeds Dessert,18.0,17.0,Groceries / Confectionary,Groceries / Confectionary,https://medias.pns.hk/publishing/PNSHK-171100-front-prodcat.jpg?version=1732751558,https://medias.pns.hk/publishing/PNSHK-171100-front-prodcat.jpg?version=1732751558,Needs Fix
Retort Pouch Cha Cha Dessert,RETORT POUCH Cha Cha Dessert,18.0,17.0,Groceries / Confectionary,Groceries / Confectionary,https://medias.pns.hk/publishing/PNSHK-171095-front-prodcat.jpg?version=1732751564,https://medias.pns.hk/publishing/PNSHK-171095-front-prodcat.jpg?version=1732751564,Needs Fix
Retort Pouch Black Sesame Dessert,RETORT POUCH Black Sesame Dessert,18.0,17.0,Groceries / Confectionary,Groceries / Confectionary,https://medias.pns.hk/publishing/PNSHK-171101-front-prodcat.jpg?version=1732751569,https://medias.pns.hk/publishing/PNSHK-171101-front-prodcat.jpg?version=1732751569,Needs Fix
Red Bean With Tangerine Peel & Lotus Seeds Dessert,Red Bean With Tangerine Peel & Lotus Seed,22.0,42.0,Groceries / Confectionary,Groceries / Confectionary,https://medias.pns.hk/publishing/PNSHK-109185-front-prodcat.jpg?version=1732707815,https://medias.pns.hk/publishing/PNSHK-109185-front-prodcat.jpg?version=1732707815,Needs Fix
Black Glutinous Rice With Taro & Coconut Milk,Black Glutinous Rice With Taro & Coco Milk,22.0,42.0,Groceries / Confectionary,Groceries / Confectionary,https://medias.pns.hk/publishing/PNSHK-109184-front-prodcat.jpg?version=1732707850,https://medias.pns.hk/publishing/PNSHK-109184-front-prodcat.jpg?version=1732707850,Needs Fix
Ground Black Sesame Dessert,Ground Black Sesame Dessert,22.0,42.0,Groceries / Confectionary,Groceries / Confectionary,/images/catalog/img-7057.jpg,/images/catalog/img-7057.jpg,Needs Fix
BBQ Flavoured Wave Cut Potato Chips,Calbee Bbq Flavoured Potato Chips Wave Cut Potato Chips,32.0,50.0,Groceries / Chips,Groceries / Chips,https://medias.pns.hk/publishing/PNSHK-302347-front-prodcat.jpg?version=1753273247,https://medias.pns.hk/publishing/PNSHK-302347-front-prodcat.jpg?version=1753273247,Needs Fix
Blazin Hot Cheese Grill-a-corn,Blazin Hot Cheese Grill-a-corn,10.0,10.0,Groceries / Chips,Groceries / Chips,https://medias.pns.hk/publishing/PNSHK-341122-front-prodcat.jpg,https://medias.pns.hk/publishing/PNSHK-341122-front-prodcat.jpg,Verified
Smoky Cheese Flavoured Grill A Corn,Smoky Cheese Flavoured Grill A Corn,10.0,23.0,Groceries / Chips,Groceries / Chips,https://medias.pns.hk/publishing/PNSHK-416088-front-prodcat.jpg,https://medias.pns.hk/publishing/PNSHK-416088-front-prodcat.jpg,Needs Fix
Soda Biscuit - Seaweed Flavor,Soda Biscuit - Seaweed Flavor,13.5,13.5,Groceries / Crackers,Groceries / Crackers,,,Needs Fix
Soda Biscuit - Wasabi Flavor,CEO High Calcium Soda Biscuit Wasabi,13.5,32.0,Groceries / Crackers,Groceries / Crackers,,,Needs Fix
Egg Rolls,Egg Roll,20.0,40.0,Groceries / Snacks,Groceries / Snacks,,,Needs Fix
Snackit,SEALECT Snackit - Italian Style,30.0,39.0,Groceries / Snacks,Groceries / Snacks,/images/catalog/img-7056.jpg,/images/catalog/img-7056.jpg,Needs Fix
Marie Finger Biscuit,Marie Finger Biscuit,22.0,22.9,Groceries / Biscuits,Groceries / Biscuits,,,Needs Fix
U.S.A. Grain Fed Hot Pot Beef,Us Grain Fed Hot Pot Beef,49.9,75.0,Fresh Food / Beef,Fresh Food / Beef,https://medias.pns.hk/publishing/PNSHK-28389-front-prodcat.jpg,https://medias.pns.hk/publishing/PNSHK-28389-front-prodcat.jpg,Needs Fix
U.S.A. Grain Fed Hot Pot Beef,Us Grain Fed Hot Pot Beef,49.9,75.0,Fresh Food / Beef,Fresh Food / Beef,https://medias.pns.hk/publishing/PNSHK-28389-front-prodcat.jpg,https://medias.pns.hk/publishing/PNSHK-28389-front-prodcat.jpg,Needs Fix
U.S.A. Grain Fed Hot Pot Beef,Us Grain Fed Hot Pot Beef,49.9,75.0,Fresh Food / Beef,Fresh Food / Beef,https://medias.pns.hk/publishing/PNSHK-28389-front-prodcat.jpg,https://medias.pns.hk/publishing/PNSHK-28389-front-prodcat.jpg,Needs Fix
Aust Chilled Minced Beef,"Australia Minced Beef (chilled 0-4°c) (stay Fresh For 2 Days, Including The Day Of Delivery)",41.9,37.9,Fresh Food / Beef,Fresh Food / Beef,/images/catalog/img-7185.jpg,/images/catalog/img-7185.jpg,Needs Fix
Aust Chilled Lean Beef,Aust Chilled Lean Beef,41.9,41.9,Fresh Food / Beef,Fresh Food / Beef,/images/catalog/img-7185.jpg,/images/catalog/img-7185.jpg,Verified
Australian Striploin Steak,Australian Striploin Steak,58.0,58.0,Fresh Food / Beef,Fresh Food / Beef,https://medias.pns.hk/publishing/PNSHK-37401-front-prodcat.jpg?version=1770207746,https://medias.pns.hk/publishing/PNSHK-37401-front-prodcat.jpg?version=1770207746,Verified
Australian Grain-Fed Angus Beef Patty (Southern Grain),Australian Grain-Fed Angus Beef Patty (Southern Grain),42.0,42.0,Fresh Food / Beef,Fresh Food / Beef,https://foodpanda.dhmedia.io/image/darkstores/nv-g…610a8f-dc28-4f2a-a740-6b27134658e8.jpg?height=176,https://foodpanda.dhmedia.io/image/darkstores/nv-g…610a8f-dc28-4f2a-a740-6b27134658e8.jpg?height=176,Needs Fix
Chicken breast fillets,Chicken breast fillets,72.0,72.0,Fresh Food / Chicken,Fresh Food / Chicken,https://images.openfoodfacts.org/images/products/505/477/514/7069/front_en.34.400.jpg,https://images.openfoodfacts.org/images/products/505/477/514/7069/front_en.34.400.jpg,Verified
Chicken thigh/drumstick pieces,Chicken thigh/drumstick pieces,28.9,28.9,Fresh Food / Chicken,Fresh Food / Chicken,https://images.openfoodfacts.org/images/products/000/000/029/6717/front_en.21.400.jpg,https://images.openfoodfacts.org/images/products/000/000/029/6717/front_en.21.400.jpg,Needs Fix
"Japanese-style salad chicken, herb/seasoned variant","Japanese-style salad chicken, herb/seasoned variant",25.0,25.0,Fresh Food / Chicken,Fresh Food / Chicken,/images/catalog/img-7076.jpg,/images/catalog/img-7076.jpg,Needs Fix
Chicken breast fillets,Chicken breast fillets,72.0,72.0,Fresh Food / Chicken,Fresh Food / Chicken,https://images.openfoodfacts.org/images/products/505/477/514/7069/front_en.34.400.jpg,https://images.openfoodfacts.org/images/products/505/477/514/7069/front_en.34.400.jpg,Verified
Chicken thigh/drumstick pieces,Chicken thigh/drumstick pieces,28.9,28.9,Fresh Food / Chicken,Fresh Food / Chicken,https://images.openfoodfacts.org/images/products/000/000/029/6717/front_en.21.400.jpg,https://images.openfoodfacts.org/images/products/000/000/029/6717/front_en.21.400.jpg,Needs Fix
Chicken breast fillets,ZEAL NZ Chicken Breast Fillets (125g)- Zeal,36.9,72.0,Fresh Food / Chicken,Fresh Food / Chicken,https://images.openfoodfacts.org/images/products/505/477/514/7069/front_en.34.400.jpg,https://images.openfoodfacts.org/images/products/505/477/514/7069/front_en.34.400.jpg,Needs Fix
Chicken thigh pieces (diced),Chicken thigh pieces (diced),36.9,36.9,Fresh Food / Chicken,Fresh Food / Chicken,https://foodpanda.dhmedia.io/image/darkstores/nv-g…5ca5b1-f802-4ad0-b9d7-06490939b5f7.jpg?height=176,https://foodpanda.dhmedia.io/image/darkstores/nv-g…5ca5b1-f802-4ad0-b9d7-06490939b5f7.jpg?height=176,Needs Fix
Chicken dark meat/wing pieces,"Garlic Chicken Mid Joint Wing(chilled 0-4°c) (stay Fresh For 2 Days, Including The Day Of Delivery)",28.9,35.9,Fresh Food / Chicken,Fresh Food / Chicken,/images/catalog/img-7189.jpg,/images/catalog/img-7189.jpg,Needs Fix
Pork belly/sliced pork,Es Pork Belly Sukiyaki (thick Cut(chilled 0-4°c),38.9,39.9,Fresh Food / Pork,Fresh Food / Pork,/images/catalog/img-7073.jpg,/images/catalog/img-7073.jpg,Needs Fix
Pork belly slices,Pork belly slices,39.9,39.9,Fresh Food / Pork,Fresh Food / Pork,/images/catalog/img-7073.jpg,/images/catalog/img-7073.jpg,Verified
Pork belly/sliced pork,Pork belly/sliced pork,39.9,39.9,Fresh Food / Pork,Fresh Food / Pork,/images/catalog/img-7073.jpg,/images/catalog/img-7073.jpg,Verified
Pork belly/sliced pork,Pork belly/sliced pork,39.9,39.9,Fresh Food / Pork,Fresh Food / Pork,/images/catalog/img-7073.jpg,/images/catalog/img-7073.jpg,Verified
Sliced pork/belly,Sliced pork/belly,39.9,39.9,Fresh Food / Pork,Fresh Food / Pork,/images/catalog/img-7074.jpg,/images/catalog/img-7074.jpg,Verified
Pork ribs/chunks,"Steamed Pork Ribs W/garlic Sau(chilled 0-4°c) (stay Fresh For 2 Days, Including The Day Of Delivery)",36.9,38.9,Fresh Food / Pork,Fresh Food / Pork,/images/catalog/img-7074.jpg,/images/catalog/img-7074.jpg,Needs Fix
Pork chunks,Es Pork Belly Sukiyaki (thick Cut(chilled 0-4°c),33.0,39.9,Fresh Food / Pork,Fresh Food / Pork,/images/catalog/img-7074.jpg,/images/catalog/img-7074.jpg,Needs Fix
Pork mince/ground pork,GULONG Pork Mince W/bean Paste,27.0,15.0,Fresh Food / Pork,Fresh Food / Pork,https://medias.pns.hk/publishing/PNSHK-167504-front-prodcat.jpg,https://medias.pns.hk/publishing/PNSHK-167504-front-prodcat.jpg,Needs Fix
Pork slices,"SELECT Usa Hot Pot Pork Loin Slices(frozen -18°c) (stay Fresh For 2 Days, Including The Day Of Delivery)",75.0,75.0,Fresh Food / Pork,Fresh Food / Pork,https://medias.pns.hk/publishing/PNSHK-28755-front-prodcat.jpg?version=1770726080,https://medias.pns.hk/publishing/PNSHK-28755-front-prodcat.jpg?version=1770726080,Needs Fix
Pork/offal pieces,Pork/offal pieces,48.0,48.0,Fresh Food / Pork,Fresh Food / Pork,https://medias.pns.hk/publishing/PNSHK-28755-front-prodcat.jpg?version=1770726080,https://medias.pns.hk/publishing/PNSHK-28755-front-prodcat.jpg?version=1770726080,Needs Fix
Ground pork/minced pork,Ground pork/minced pork,38.9,38.9,Fresh Food / Pork,Fresh Food / Pork,https://images.openfoodfacts.org/images/products/885/868/452/3504/front_en.3.400.jpg,https://images.openfoodfacts.org/images/products/885/868/452/3504/front_en.3.400.jpg,Verified
Sausage Original,Korean Sausage Original,49.9,44.9,Fresh Food / Pork,Fresh Food / Pork,/images/catalog/img-7076.jpg,/images/catalog/img-7076.jpg,Needs Fix
Sausage Smoked,Korean Sausage Smoke,49.9,44.9,Fresh Food / Pork,Fresh Food / Pork,/images/catalog/img-7076.jpg,/images/catalog/img-7076.jpg,Needs Fix
Sausage Basil,Korean Sausage Basil,49.9,44.9,Fresh Food / Pork,Fresh Food / Pork,/images/catalog/img-7076.jpg,/images/catalog/img-7076.jpg,Needs Fix
Farmer Chinese chilled pork tray,Farmer Chinese chilled pork tray,42.0,42.0,Fresh Food / Pork,Fresh Food / Pork,/images/catalog/img-7077.jpg,/images/catalog/img-7077.jpg,Needs Fix
Marinated pork tray,D.B.F Kariyudo - Pork Senior Cat Alu Tray (95g)- d.b.f,134.9,18.5,Fresh Food / Pork,Fresh Food / Pork,https://images.openfoodfacts.org/images/products/885/868/452/3504/front_en.3.400.jpg,https://images.openfoodfacts.org/images/products/885/868/452/3504/front_en.3.400.jpg,Needs Fix
Pork mince/ground pork,GULONG Pork Mince W/bean Paste,27.0,15.0,Fresh Food / Pork,Fresh Food / Pork,https://medias.pns.hk/publishing/PNSHK-167504-front-prodcat.jpg,https://medias.pns.hk/publishing/PNSHK-167504-front-prodcat.jpg,Needs Fix
Smoked Bacon,Smoked Bacon,43.9,50.0,Fresh Food / Pork,Fresh Food / Pork,/images/catalog/img-7186.jpg,/images/catalog/img-7186.jpg,Needs Fix
Sausage Basil,Korean Sausage Basil,49.9,44.9,Fresh Food / Pork,Fresh Food / Pork,/images/catalog/img-7187.jpg,/images/catalog/img-7187.jpg,Needs Fix
Pork Patties,Pork Patties,27.0,27.0,Fresh Food / Pork,Fresh Food / Pork,/images/catalog/img-7195.jpg,/images/catalog/img-7195.jpg,Verified
Classic smoked salmon,Smoked Salmon,77.9,110.0,Fresh Food / Seafood,Fresh Food / Seafood,/images/catalog/img-7076.jpg,/images/catalog/img-7076.jpg,Needs Fix
Chicken with Dried Abalone (Brazil),Chicken with Dried Abalone (Brazil),38.9,38.9,Fresh Food / Seafood,Fresh Food / Seafood,/images/catalog/img-7189.jpg,/images/catalog/img-7189.jpg,Needs Fix
Spaghetti of Clams in White Wine Sauce,Spaghetti With Clam In White Wine Sauce,37.0,50.0,Fresh Food / Seafood,Fresh Food / Seafood,https://medias.pns.hk/publishing/PNSHK-137771-front-prodcat.jpg,https://medias.pns.hk/publishing/PNSHK-137771-front-prodcat.jpg,Needs Fix
Frozen Peeled Whiteleg Shrimp Meat,GUOLIAN Frz Whiteleg Shrimp Meat 180g (frozen -18°c),52.9,47.0,Fresh Food / Seafood,Fresh Food / Seafood,https://medias.pns.hk/publishing/PNSHK-46310-front-prodcat.jpg,https://medias.pns.hk/publishing/PNSHK-46310-front-prodcat.jpg,Needs Fix
Frozen Skin-On Atlantic Salmon Fillets (2pcs),Frozen Skin-On Atlantic Salmon Fillets (2pcs),62.9,62.9,Fresh Food / Seafood,Fresh Food / Seafood,https://images.openfoodfacts.org/images/products/000/002/093/3876/front_hr.28.400.jpg,https://images.openfoodfacts.org/images/products/000/002/093/3876/front_hr.28.400.jpg,Needs Fix
Mixed marinated meat tray,Mixed marinated meat tray,58.9,58.9,Fresh Food / Others,Fresh Food / Others,/images/catalog/img-7075.jpg,/images/catalog/img-7075.jpg,Needs Fix
Mixed marinated meat tray with red pepper,Mixed marinated meat tray with red pepper,58.9,58.9,Fresh Food / Others,Fresh Food / Others,/images/catalog/img-7077.jpg,/images/catalog/img-7077.jpg,Needs Fix
Spaghetti with Meat in Tomato Sauce,Spaghetti With Meat In Tomato Sauce,37.0,50.0,Fresh Food / Others,Fresh Food / Others,https://medias.pns.hk/publishing/PNSHK-191412-front-prodcat.jpg,https://medias.pns.hk/publishing/PNSHK-191412-front-prodcat.jpg,Needs Fix
Plant-Based Minced Meat,Plant-Based Minced Meat,21.9,21.9,Fresh Food / Others,Fresh Food / Others,/images/catalog/img-7194.jpg,/images/catalog/img-7194.jpg,Verified
Skimmed Milk,Skimmed Milk,28.9,28.9,Fresh Food / Dairy,Fresh Food / Dairy,/images/catalog/img-7060.jpg,/images/catalog/img-7060.jpg,Verified
Chocolate Milk Beverage,Chocolate Milk Beverage 4 X 110 Ml,32.0,16.0,Fresh Food / Dairy,Fresh Food / Dairy,https://medias.pns.hk/publishing/PNSHK-159169-front-prodcat.jpg?version=1765801817,https://medias.pns.hk/publishing/PNSHK-159169-front-prodcat.jpg?version=1765801817,Needs Fix
Pure Milk,Black & White Pure Milk 1l,25.0,50.0,Fresh Food / Dairy,Fresh Food / Dairy,/images/catalog/img-7060.jpg,/images/catalog/img-7060.jpg,Needs Fix
Australia 100% Full Cream Milk,Australia 100% Full Cream Milk,15.0,15.0,Fresh Food / Dairy,Fresh Food / Dairy,https://medias.pns.hk/publishing/PNSHK-419941-front-prodcat.jpg?version=1767886469,https://medias.pns.hk/publishing/PNSHK-419941-front-prodcat.jpg?version=1767886469,Verified
Australia Skimmed Milk,Australia Skimmed Milk,15.0,15.0,Fresh Food / Dairy,Fresh Food / Dairy,/images/catalog/img-7060.jpg,/images/catalog/img-7060.jpg,Verified
Organic Pure Milk,Organic Pure Milk,35.0,35.0,Fresh Food / Dairy,Fresh Food / Dairy,/images/catalog/img-7060.jpg,/images/catalog/img-7060.jpg,Verified
Full Cream Milk Lactose Free,Uht Full Cream Milk,23.9,21.5,Fresh Food / Dairy,Fresh Food / Dairy,/images/catalog/img-7060.jpg,/images/catalog/img-7060.jpg,Needs Fix
Organic Whole Milk,Organic Whole Milk,32.0,52.0,Fresh Food / Dairy,Fresh Food / Dairy,/images/catalog/img-7060.jpg,/images/catalog/img-7060.jpg,Needs Fix
Full Cream UHT Milk,Full Cream Uht Milk,23.9,40.0,Fresh Food / Dairy,Fresh Food / Dairy,/images/catalog/img-7061.jpg,/images/catalog/img-7061.jpg,Needs Fix
Skim UHT Milk (Extra Light),Skim Uht Milk,22.0,38.0,Fresh Food / Dairy,Fresh Food / Dairy,/images/catalog/img-7061.jpg,/images/catalog/img-7061.jpg,Needs Fix
Pure Full Cream Milk,Farmhouse Gold4.5 Full Cream Milk,28.9,25.0,Fresh Food / Dairy,Fresh Food / Dairy,/images/catalog/img-7061.jpg,/images/catalog/img-7061.jpg,Needs Fix
Skimmed Milk,Skimmed Milk,28.9,28.9,Fresh Food / Dairy,Fresh Food / Dairy,/images/catalog/img-7061.jpg,/images/catalog/img-7061.jpg,Verified
Swiss Premium Whole Milk,Swiss Premium Whole Milk,29.9,12.5,Fresh Food / Dairy,Fresh Food / Dairy,https://medias.pns.hk/publishing/PNSHK-366223-front-prodcat.jpg,https://medias.pns.hk/publishing/PNSHK-366223-front-prodcat.jpg,Needs Fix
Swiss Premium Semi-Skimmed Milk,Swiss Premium Semi-Skimmed Milk,29.9,29.9,Fresh Food / Dairy,Fresh Food / Dairy,https://medias.pns.hk/publishing/PNSHK-445810-front-prodcat.jpg,https://medias.pns.hk/publishing/PNSHK-445810-front-prodcat.jpg,Verified
Pure Milk,Black & White Pure Milk 1l,23.0,50.0,Fresh Food / Dairy,Fresh Food / Dairy,/images/catalog/img-7061.jpg,/images/catalog/img-7061.jpg,Needs Fix
A2 Protein Full Cream Milk,A2 Protein Full Cream Milk,20.0,20.0,Fresh Food / Dairy,Fresh Food / Dairy,/images/catalog/img-7061.jpg,/images/catalog/img-7061.jpg,Verified
Full Cream UHT Milk,Full Cream Uht Milk,22.0,26.0,Fresh Food / Dairy,Fresh Food / Dairy,/images/catalog/img-7061.jpg,/images/catalog/img-7061.jpg,Needs Fix
Skim UHT Milk,Skim Uht Milk,22.0,26.0,Fresh Food / Dairy,Fresh Food / Dairy,/images/catalog/img-7061.jpg,/images/catalog/img-7061.jpg,Needs Fix
Original Milk Beverage,Original Milk Beverage 946 Ml,21.0,236.0,Fresh Food / Dairy,Fresh Food / Dairy,/images/catalog/img-7061.jpg,/images/catalog/img-7061.jpg,Needs Fix
High Calcium Less Fat Milk Beverage,High Calcium Less Fat Milk Beverage,21.0,21.0,Fresh Food / Dairy,Fresh Food / Dairy,/images/catalog/img-7061.jpg,/images/catalog/img-7061.jpg,Needs Fix
Full Cream Milk,Full Cream Milk,20.9,20.9,Fresh Food / Dairy,Fresh Food / Dairy,/images/catalog/img-7061.jpg,/images/catalog/img-7061.jpg,Needs Fix
Pure Milk,Pure Milk,52.9,52.9,Fresh Food / Dairy,Fresh Food / Dairy,/images/catalog/img-7061.jpg,/images/catalog/img-7061.jpg,Needs Fix
Pure Milk UHT Export 4x3x1L HK,Pure Milk UHT Export 4x3x1L HK,45.0,45.0,Fresh Food / Dairy,Fresh Food / Dairy,https://medias.pns.hk/publishing/PNSHK-110103-front-prodcat.jpg,https://medias.pns.hk/publishing/PNSHK-110103-front-prodcat.jpg,Needs Fix
Skimmed Milk UHT Export 4x3x1L,Skimmed Milk UHT Export 4x3x1L,45.0,45.0,Fresh Food / Dairy,Fresh Food / Dairy,https://medias.pns.hk/publishing/PNSHK-162995-front-prodcat.jpg,https://medias.pns.hk/publishing/PNSHK-162995-front-prodcat.jpg,Needs Fix
High Calcium Low Fat Milk Beverage UHT Export 4x3x1L,Pauls Hcal Lf Milk Bev Uht Exp 4x3x1l,45.0,62.0,Fresh Food / Dairy,Fresh Food / Dairy,https://medias.pns.hk/publishing/PNSHK-182972-front-prodcat.jpg,https://medias.pns.hk/publishing/PNSHK-182972-front-prodcat.jpg,Needs Fix
Pure Milk,Pure Milk,65.0,65.0,Fresh Food / Dairy,Fresh Food / Dairy,/images/catalog/img-7062.jpg,/images/catalog/img-7062.jpg,Verified
Pure Milk,PURE VITA Cs-4 & Tiger Milk Mushroom,38.0,199.0,Fresh Food / Dairy,Fresh Food / Dairy,/images/catalog/img-7062.jpg,/images/catalog/img-7062.jpg,Needs Fix
Purefarm Original Milk,Purefarm Original Milk,63.0,46.0,Fresh Food / Dairy,Fresh Food / Dairy,/images/catalog/img-7062.jpg,/images/catalog/img-7062.jpg,Needs Fix
Purefarm Hi-cal Less Fat Milk,Purefarm Hi-cal Less Fat Milk,63.0,46.0,Fresh Food / Dairy,Fresh Food / Dairy,/images/catalog/img-7062.jpg,/images/catalog/img-7062.jpg,Needs Fix
Whipping Cream,Uht Whipping Cream,80.0,125.0,Fresh Food / Dairy,Fresh Food / Dairy,/images/catalog/img-7096.jpg,/images/catalog/img-7096.jpg,Needs Fix
Light Cream,Uht Light Cream(chilled 0-4°c),62.0,64.0,Fresh Food / Dairy,Fresh Food / Dairy,/images/catalog/img-7096.jpg,/images/catalog/img-7096.jpg,Needs Fix
"Yogurt, variant 1",Yogurt Low Fat Mango,25.0,32.0,Fresh Food / Dairy,Fresh Food / Dairy,/images/catalog/img-7096.jpg,/images/catalog/img-7096.jpg,Needs Fix
"Greek Yogurt, blueberry",Greek Yogurt - Blueberry,25.0,45.0,Fresh Food / Dairy,Fresh Food / Dairy,/images/catalog/img-7096.jpg,/images/catalog/img-7096.jpg,Needs Fix
"Greek Yogurt, plain/other variant",Greek Yogurt - Mango,26.0,45.0,Fresh Food / Dairy,Fresh Food / Dairy,https://medias.pns.hk/publishing/PNSHK-417462-front-prodcat.jpg,https://medias.pns.hk/publishing/PNSHK-417462-front-prodcat.jpg,Needs Fix
Probiotic yogurt,Greek Style Natural Yogurt(chilled 0-4°c),8.5,35.0,Fresh Food / Dairy,Fresh Food / Dairy,/images/catalog/img-7096.jpg,/images/catalog/img-7096.jpg,Needs Fix
"Yogurt, blue variant",Natural Set Yogurt(chilled 0-4°c),7.0,24.0,Fresh Food / Dairy,Fresh Food / Dairy,/images/catalog/img-7096.jpg,/images/catalog/img-7096.jpg,Needs Fix
"Yogurt, pink variant",Natural Set Yogurt(chilled 0-4°c),7.0,24.0,Fresh Food / Dairy,Fresh Food / Dairy,/images/catalog/img-7096.jpg,/images/catalog/img-7096.jpg,Needs Fix
Yogurt,Greek Style Natural Yoghurt,16.0,69.9,Fresh Food / Dairy,Fresh Food / Dairy,/images/catalog/img-7096.jpg,/images/catalog/img-7096.jpg,Needs Fix
Sour cream,LAY'S Lay's Swt Sour Cream Flv Chp,40.0,22.0,Fresh Food / Dairy,Fresh Food / Dairy,/images/catalog/img-7096.jpg,/images/catalog/img-7096.jpg,Needs Fix
Spreadable butter,Spreadable butter,71.0,71.0,Fresh Food / Dairy,Fresh Food / Dairy,/images/catalog/img-7096.jpg,/images/catalog/img-7096.jpg,Verified
"Spread, original/light variant","Spread, original/light variant",40.0,40.0,Fresh Food / Dairy,Fresh Food / Dairy,/images/catalog/img-7096.jpg,/images/catalog/img-7096.jpg,Verified
Cream cheese,Cream Cheese - Regular(chilled 0-4°c),40.0,28.5,Fresh Food / Dairy,Fresh Food / Dairy,/images/catalog/img-7097.jpg,/images/catalog/img-7097.jpg,Needs Fix
String Cheese,String Cheese,52.0,52.0,Fresh Food / Dairy,Fresh Food / Dairy,/images/catalog/img-7097.jpg,/images/catalog/img-7097.jpg,Verified
Sliced cheese,VIOLIFE Vegan Sliced Cheese Alternative Orig (chilled 0-4°c),39.0,58.0,Fresh Food / Dairy,Fresh Food / Dairy,/images/catalog/img-7097.jpg,/images/catalog/img-7097.jpg,Needs Fix
Cheddar,Sandwich Cheddar Cheese Slices,39.0,52.0,Fresh Food / Dairy,Fresh Food / Dairy,/images/catalog/img-7097.jpg,/images/catalog/img-7097.jpg,Needs Fix
The Laughing Cow cheese,Cheese Dippers,29.0,52.0,Fresh Food / Dairy,Fresh Food / Dairy,/images/catalog/img-7097.jpg,/images/catalog/img-7097.jpg,Needs Fix
White Sharp Cheddar,White Sharp Cheddar,75.0,75.0,Fresh Food / Dairy,Fresh Food / Dairy,/images/catalog/img-7097.jpg,/images/catalog/img-7097.jpg,Verified
Cheddar,Mild Cheddar Block Cheese,75.0,35.0,Fresh Food / Dairy,Fresh Food / Dairy,/images/catalog/img-7097.jpg,/images/catalog/img-7097.jpg,Needs Fix
Mozzarella,Mozzarella Block Cheese,75.0,35.0,Fresh Food / Dairy,Fresh Food / Dairy,/images/catalog/img-7097.jpg,/images/catalog/img-7097.jpg,Needs Fix
Parmesan,Parmesan,75.0,75.0,Fresh Food / Dairy,Fresh Food / Dairy,/images/catalog/img-7097.jpg,/images/catalog/img-7097.jpg,Verified
Butter,Mini Butter Unsalted,40.0,18.0,Fresh Food / Dairy,Fresh Food / Dairy,/images/catalog/img-7097.jpg,/images/catalog/img-7097.jpg,Needs Fix
Butter,Salted Butter,40.0,75.0,Fresh Food / Dairy,Fresh Food / Dairy,/images/catalog/img-7097.jpg,/images/catalog/img-7097.jpg,Needs Fix
Butter,Salted Butter,35.0,21.9,Fresh Food / Dairy,Fresh Food / Dairy,/images/catalog/img-7097.jpg,/images/catalog/img-7097.jpg,Needs Fix
Butter,Butter,40.0,40.0,Fresh Food / Dairy,Fresh Food / Dairy,/images/catalog/img-7097.jpg,/images/catalog/img-7097.jpg,Verified
Spreadable butter,Organic Spreadable Butter (chilled 0-4°c),58.0,71.0,Fresh Food / Dairy,Fresh Food / Dairy,/images/catalog/img-7097.jpg,/images/catalog/img-7097.jpg,Needs Fix
Original/Light spread,Light Spread,35.0,40.0,Fresh Food / Dairy,Fresh Food / Dairy,/images/catalog/img-7097.jpg,/images/catalog/img-7097.jpg,Needs Fix
Packaged red berries/cherries,Packaged red berries/cherries,22.9,22.9,Fresh Food / Fruit,Fresh Food / Fruit,/images/catalog/img-7069.jpg,/images/catalog/img-7069.jpg,Needs Fix
"Kiwifruit, loose","Kiwifruit, loose",105.0,105.0,Fresh Food / Fruit,Fresh Food / Fruit,/images/catalog/img-7070.jpg,/images/catalog/img-7070.jpg,Needs Fix
"Bananas, loose","Bananas, loose",4.7,4.7,Fresh Food / Fruit,Fresh Food / Fruit,https://medias.pns.hk/publishing/PNSHK-75536-front-prodcat.jpg?version=1749698471,https://medias.pns.hk/publishing/PNSHK-75536-front-prodcat.jpg?version=1749698471,Needs Fix
"Oranges/mandarins, loose","Oranges/mandarins, loose",21.0,21.0,Fresh Food / Fruit,Fresh Food / Fruit,/images/catalog/img-7072.jpg,/images/catalog/img-7072.jpg,Needs Fix
"Lemons, loose","Lemons, loose",22.0,22.0,Fresh Food / Fruit,Fresh Food / Fruit,https://medias.pns.hk/publishing/PNSHK-75504-front-prodcat.jpg,https://medias.pns.hk/publishing/PNSHK-75504-front-prodcat.jpg,Needs Fix
Dragon fruit,Dragon Fruit (vietnam),14.9,21.0,Fresh Food / Fruit,Fresh Food / Fruit,https://medias.pns.hk/publishing/PNSHK-116679-front-prodcat.jpg,https://medias.pns.hk/publishing/PNSHK-116679-front-prodcat.jpg,Needs Fix
"Pineapple, loose",S&W Pineapple Slice (s),19.0,19.0,Fresh Food / Fruit,Fresh Food / Fruit,https://medias.pns.hk/publishing/PNSHK-361856-front-prodcat.jpg,https://medias.pns.hk/publishing/PNSHK-361856-front-prodcat.jpg,Needs Fix
"Avocados, loose","Avocados, loose",35.0,35.0,Fresh Food / Fruit,Fresh Food / Fruit,https://medias.pns.hk/publishing/PNSHK-75516-front-prodcat.jpg?version=1781094653,https://medias.pns.hk/publishing/PNSHK-75516-front-prodcat.jpg?version=1781094653,Needs Fix
"Kiwifruit, loose","Kiwifruit, loose",20.0,20.0,Fresh Food / Fruit,Fresh Food / Fruit,/images/catalog/img-7072.jpg,/images/catalog/img-7072.jpg,Needs Fix
"Bananas, loose","Bananas, loose",4.7,4.7,Fresh Food / Fruit,Fresh Food / Fruit,https://medias.pns.hk/publishing/PNSHK-75536-front-prodcat.jpg?version=1749698471,https://medias.pns.hk/publishing/PNSHK-75536-front-prodcat.jpg?version=1749698471,Needs Fix
Jumbo Blueberries,Jumbo Blueberries,26.0,26.0,Fresh Food / Fruit,Fresh Food / Fruit,/images/catalog/img-7090.jpg,/images/catalog/img-7090.jpg,Needs Fix
Jumbo Blueberries,Large Blueberry,22.0,18.0,Fresh Food / Fruit,Fresh Food / Fruit,/images/catalog/img-7090.jpg,/images/catalog/img-7090.jpg,Needs Fix
Whole watermelon,LOTTE Watermelon Bar Mp,25.0,64.0,Fresh Food / Fruit,Fresh Food / Fruit,https://medias.pns.hk/publishing/PNSHK-162663-front-prodcat.jpg?version=1786710008,https://medias.pns.hk/publishing/PNSHK-162663-front-prodcat.jpg?version=1786710008,Needs Fix
Whole melon,NG FUNG Black Beauty Melon (china),24.0,22.0,Fresh Food / Fruit,Fresh Food / Fruit,https://medias.pns.hk/publishing/PNSHK-421138-front-prodcat.jpg,https://medias.pns.hk/publishing/PNSHK-421138-front-prodcat.jpg,Needs Fix
Jumbo Blueberries,Jumbo Blueberries,26.0,26.0,Fresh Food / Fruit,Fresh Food / Fruit,/images/catalog/img-7091.jpg,/images/catalog/img-7091.jpg,Needs Fix
Jumbo Blueberries,Large Blueberry,22.0,18.0,Fresh Food / Fruit,Fresh Food / Fruit,/images/catalog/img-7091.jpg,/images/catalog/img-7091.jpg,Needs Fix
Jumbo Blueberries,Large Blueberry,32.0,18.0,Fresh Food / Fruit,Fresh Food / Fruit,/images/catalog/img-7092.jpg,/images/catalog/img-7092.jpg,Needs Fix
"Red chili peppers, packaged","Red chili peppers, packaged",7.9,7.9,Fresh Food / Vegetables,Fresh Food / Vegetables,https://medias.pns.hk/publishing/PNSHK-479415-front-prodcat.jpg,https://medias.pns.hk/publishing/PNSHK-479415-front-prodcat.jpg,Needs Fix
"Zucchini/courgettes, packaged","Zucchini/courgettes, packaged",9.9,9.9,Fresh Food / Vegetables,Fresh Food / Vegetables,/images/catalog/img-7069.jpg,/images/catalog/img-7069.jpg,Needs Fix
"White mushrooms, packaged","White mushrooms, packaged",9.9,9.9,Fresh Food / Vegetables,Fresh Food / Vegetables,https://medias.pns.hk/publishing/PNSHK-88575-front-prodcat.jpg?version=1776342785,https://medias.pns.hk/publishing/PNSHK-88575-front-prodcat.jpg?version=1776342785,Needs Fix
"Oyster/mixed mushrooms, packaged","Oyster/mixed mushrooms, packaged",12.9,12.9,Fresh Food / Vegetables,Fresh Food / Vegetables,/images/catalog/img-7069.jpg,/images/catalog/img-7069.jpg,Needs Fix
"Red vegetables, packaged",MR. VEGETABLE Red Onion,17.9,10.9,Fresh Food / Vegetables,Fresh Food / Vegetables,/images/catalog/img-7069.jpg,/images/catalog/img-7069.jpg,Needs Fix
"Cucumbers/green peppers, packaged","Cucumbers/green peppers, packaged",8.9,8.9,Fresh Food / Vegetables,Fresh Food / Vegetables,/images/catalog/img-7069.jpg,/images/catalog/img-7069.jpg,Needs Fix
"Radishes, packaged","Radishes, packaged",10.9,10.9,Fresh Food / Vegetables,Fresh Food / Vegetables,/images/catalog/img-7069.jpg,/images/catalog/img-7069.jpg,Needs Fix
"Baby corn, packaged",Baby Corn,12.9,17.9,Fresh Food / Vegetables,Fresh Food / Vegetables,https://medias.pns.hk/publishing/PNSHK-125838-front-prodcat.jpg,https://medias.pns.hk/publishing/PNSHK-125838-front-prodcat.jpg,Needs Fix
"Leafy vegetables/cabbage, packaged","Leafy vegetables/cabbage, packaged",10.9,10.9,Fresh Food / Vegetables,Fresh Food / Vegetables,https://images.openfoodfacts.org/images/products/081/007/555/3161/front_en.49.400.jpg,https://images.openfoodfacts.org/images/products/081/007/555/3161/front_en.49.400.jpg,Needs Fix
"Carrots, packaged",HIPP Hipp Organic Rice With Carrots And Veal 190g,14.9,29.8,Fresh Food / Vegetables,Fresh Food / Vegetables,https://medias.pns.hk/publishing/PNSHK-108171-front-prodcat.jpg?version=1753273367,https://medias.pns.hk/publishing/PNSHK-108171-front-prodcat.jpg?version=1753273367,Needs Fix
"Eggplant, packaged","Eggplant, packaged",7.9,7.9,Fresh Food / Vegetables,Fresh Food / Vegetables,/images/catalog/img-7069.jpg,/images/catalog/img-7069.jpg,Verified
"Bell peppers, packaged",Bell Pepper (g/y/r) 430g Pack,14.9,28.9,Fresh Food / Vegetables,Fresh Food / Vegetables,https://medias.pns.hk/publishing/PNSHK-40697-front-prodcat.jpg?version=1779107672,https://medias.pns.hk/publishing/PNSHK-40697-front-prodcat.jpg?version=1779107672,Needs Fix
"Chinese cabbage/lettuce, packaged","Chinese cabbage/lettuce, packaged",9.9,9.9,Fresh Food / Vegetables,Fresh Food / Vegetables,https://images.openfoodfacts.org/images/products/325/622/380/0287/front_fr.23.400.jpg,https://images.openfoodfacts.org/images/products/325/622/380/0287/front_fr.23.400.jpg,Needs Fix
Singles,Regular Singles Cheese 6 Pcs(chilled 0-4°c),39.0,24.9,Fresh Food / Other,Fresh Food / Other,/images/catalog/img-7097.jpg,/images/catalog/img-7097.jpg,Needs Fix
